"source","term_name","term_id","highlighted","adjusted_p_value","negative_log10_of_adjusted_p_value","term_size","query_size","intersection_size","effective_domain_size","intersections"
"GO:MF","actin filament binding","GO:0051015","true","7.558199021421979e-9","8.12158167648789","221","55","11","20195","NEB,TTN,TNNC1,FLNC,NRAP,MYH6,TPM1,MYH13,MYH1,MYH2,MYH3"
"GO:MF","actin binding","GO:0003779","false","8.211046437912836e-8","7.0856014916928585","451","55","13","20195","NEB,TTN,TNNC1,FLNC,MYOZ1,NRAP,TNNI2,MYH6,TPM1,MYH13,MYH1,MYH2,MYH3"
"GO:MF","cytoskeletal protein binding","GO:0008092","false","3.3665969404788473e-7","6.472808875594108","1008","55","17","20195","ACTA1,NEB,TTN,DES,TNNC1,FLNC,MYOZ1,ANKRD1,NRAP,TNNI2,MYH6,TPM1,MYH13,MYH1,MYH2,MYH3,CAPN6"
"GO:MF","microfilament motor activity","GO:0000146","true","0.00002327161030388631","4.633173564203796","37","55","5","20195","MYH6,MYH13,MYH1,MYH2,MYH3"
"GO:MF","calmodulin binding","GO:0005516","true","0.0005977217683001993","3.2235009274012087","204","55","7","20195","TTN,AEBP1,MYH6,MYH13,MYH1,MYH2,MYH3"
"GO:MF","protein-containing complex binding","GO:0044877","false","0.0006546888969250201","3.183965024352304","1311","55","15","20195","NEB,TTN,TNNC1,AEBP1,FLNC,CXCL12,NRAP,H3-5,MYH6,TPM1,MYH13,MYH1,MYH2,MYH3,ITGB1BP2"
"GO:MF","structural constituent of muscle","GO:0008307","true","0.00257543973717874","2.5891486077391126","43","55","4","20195","NEB,TTN,MYL1,TPM1"
"GO:MF","cytoskeletal motor activity","GO:0003774","false","0.006975755321965718","2.156408760899989","115","55","5","20195","MYH6,MYH13,MYH1,MYH2,MYH3"
"GO:MF","structural molecule activity","GO:0005198","false","0.015586273871895404","1.8072576968888328","1107","55","12","20195","ACTA1,NEB,TTN,MYL1,DES,AEBP1,COL1A2,H3-5,COL4A1,TPM1,RNA5-8SN2,RNA5-8SN3"
"GO:MF","troponin T binding","GO:0031014","true","0.019973950223851025","1.699536036743346","4","55","2","20195","TNNC1,TNNI2"
"GO:BP","myofibril assembly","GO:0030239","true","1.5866602566450569e-12","11.79951605652184","68","52","10","21110","ACTA1,NEB,TTN,FLNC,MYOZ1,ANKRD1,NRAP,MYH6,TPM1,MYH3"
"GO:BP","striated muscle cell development","GO:0055002","false","1.852222424126979e-12","11.732306862270285","69","52","10","21110","ACTA1,NEB,TTN,FLNC,MYOZ1,ANKRD1,NRAP,MYH6,TPM1,MYH3"
"GO:BP","muscle contraction","GO:0006936","true","4.732146747527786e-12","11.32494179602776","341","52","15","21110","ACTA1,TTN,MYL1,DES,TNNC1,TRDN,ACTA2,TNNI2,MYH6,TPM1,ATP2A1,MYH13,MYH1,MYH2,MYH3"
"GO:BP","muscle system process","GO:0003012","false","5.648244679130797e-12","11.24808649812929","426","52","16","21110","ACTA1,TTN,MYL1,DES,TNNC1,TRDN,MYOZ1,ACTA2,TNNI2,MYH6,TPM1,ATP2A1,MYH13,MYH1,MYH2,MYH3"
"GO:BP","muscle organ development","GO:0007517","true","1.7652290397299945e-10","9.75319893660058","351","52","14","21110","ACTA1,NEB,TTN,DES,TNNC1,MEF2C,MYOZ1,ANKRD1,MYH6,TPM1,RBFOX1,MYH3,ITGB1BP2,FHL1"
"GO:BP","cellular component assembly involved in morphogenesis","GO:0010927","false","8.043887244802587e-10","9.094534025755959","124","52","10","21110","ACTA1,NEB,TTN,FLNC,MYOZ1,ANKRD1,NRAP,MYH6,TPM1,MYH3"
"GO:BP","muscle filament sliding","GO:0030049","false","9.080760730095743e-10","9.041877767443257","14","52","6","21110","MYL1,TNNC1,MYH6,TPM1,MYH2,MYH3"
"GO:BP","actin-myosin filament sliding","GO:0033275","false","2.4124961592699978e-9","8.617533369386937","16","52","6","21110","MYL1,TNNC1,MYH6,TPM1,MYH2,MYH3"
"GO:BP","muscle structure development","GO:0061061","false","5.142219386190365e-9","8.288849398681219","664","52","16","21110","ACTA1,NEB,TTN,DES,TNNC1,MEF2C,FLNC,MYOZ1,ANKRD1,NRAP,MYH6,TPM1,RBFOX1,MYH3,ITGB1BP2,FHL1"
"GO:BP","sarcomere organization","GO:0045214","false","2.3926125442180767e-8","7.621127624634374","44","52","7","21110","TTN,FLNC,MYOZ1,ANKRD1,MYH6,TPM1,MYH3"
"GO:BP","muscle cell development","GO:0055001","false","4.9587870099686876e-8","7.304624545143415","187","52","10","21110","ACTA1,NEB,TTN,FLNC,MYOZ1,ANKRD1,NRAP,MYH6,TPM1,MYH3"
"GO:BP","actomyosin structure organization","GO:0031032","false","1.0124587070544367e-7","6.994622680374131","201","52","10","21110","ACTA1,NEB,TTN,FLNC,MYOZ1,ANKRD1,NRAP,MYH6,TPM1,MYH3"
"GO:BP","actin filament-based process","GO:0030029","false","1.1403259088648616e-7","6.942971008143064","817","52","16","21110","ACTA1,NEB,TTN,MYL1,TNNC1,FLNC,CXCL12,MYOZ1,ACTA2,ANKRD1,NRAP,MYH6,TPM1,ATP2A1,MYH2,MYH3"
"GO:BP","striated muscle cell differentiation","GO:0051146","false","1.318816209998348e-7","6.879815723441556","281","52","11","21110","ACTA1,NEB,TTN,MEF2C,FLNC,MYOZ1,ANKRD1,NRAP,MYH6,TPM1,MYH3"
"GO:BP","actin-mediated cell contraction","GO:0070252","false","2.2379800022937523e-7","6.650143798474459","100","52","8","21110","MYL1,TNNC1,ACTA2,MYH6,TPM1,ATP2A1,MYH2,MYH3"
"GO:BP","blood circulation","GO:0008015","false","4.3876646650921836e-7","6.3577665715405995","513","52","13","21110","TTN,DES,TNNC1,TRDN,COL1A2,CELF2,CXCL12,ACTA2,TNNI2,FLI1,MYH6,TPM1,ATP2A1"
"GO:BP","supramolecular fiber organization","GO:0097435","false","0.0000012989459933426388","5.886408905340263","819","52","15","21110","ACTA1,NEB,TTN,DES,TRDN,AEBP1,COL1A2,FLNC,CXCL12,MYOZ1,ANKRD1,NRAP,MYH6,TPM1,MYH3"
"GO:BP","system process","GO:0003008","false","0.0000015597271359308663","5.806951371981836","2283","52","23","21110","ACTA1,TTN,MYL1,DES,TNNC1,MEF2C,TRDN,COL1A2,CELF2,CXCL12,MYOZ1,ACTA2,TNNI2,FLI1,MYH6,MEIS2,TPM1,RBFOX1,ATP2A1,MYH13,MYH1,MYH2,MYH3"
"GO:BP","actin filament-based movement","GO:0030048","false","0.0000017369061381528006","5.7602236500524455","129","52","8","21110","MYL1,TNNC1,ACTA2,MYH6,TPM1,ATP2A1,MYH2,MYH3"
"GO:BP","circulatory system process","GO:0003013","false","0.0000028938990260774264","5.538516626355347","599","52","13","21110","TTN,DES,TNNC1,TRDN,COL1A2,CELF2,CXCL12,ACTA2,TNNI2,FLI1,MYH6,TPM1,ATP2A1"
"GO:BP","muscle cell differentiation","GO:0042692","false","0.0000035877279216665335","5.445180499462733","384","52","11","21110","ACTA1,NEB,TTN,MEF2C,FLNC,MYOZ1,ANKRD1,NRAP,MYH6,TPM1,MYH3"
"GO:BP","muscle tissue development","GO:0060537","false","0.00000710302351395242","5.148556747630791","410","52","11","21110","ACTA1,NEB,TTN,TNNC1,MEF2C,MYOZ1,ANKRD1,NRAP,MYH6,TPM1,RBFOX1"
"GO:BP","heart contraction","GO:0060047","false","0.000013073071180047557","4.883622374174252","242","52","9","21110","TTN,DES,TNNC1,TRDN,CELF2,TNNI2,MYH6,TPM1,ATP2A1"
"GO:BP","heart process","GO:0003015","false","0.000019908813723083767","4.700954616861965","254","52","9","21110","TTN,DES,TNNC1,TRDN,CELF2,TNNI2,MYH6,TPM1,ATP2A1"
"GO:BP","non-membrane-bounded organelle assembly","GO:0140694","false","0.00005915746826643634","4.22799042056838","389","52","10","21110","ACTA1,NEB,TTN,FLNC,MYOZ1,ANKRD1,NRAP,MYH6,TPM1,MYH3"
"GO:BP","cardiac muscle tissue development","GO:0048738","false","0.00012779725535779187","3.8934784732180376","223","52","8","21110","NEB,TTN,TNNC1,MEF2C,ANKRD1,NRAP,MYH6,TPM1"
"GO:BP","animal organ development","GO:0048513","false","0.00013102970015016423","3.8826302528223215","3128","52","24","21110","PRRX1,ACTA1,NEB,TTN,DES,TNNC1,MEF2C,PRDM1,COL1A2,CXCL12,MYOZ1,ACTA2,ANKRD1,NRAP,ZBTB16,FLI1,COL4A1,MYH6,MEIS2,TPM1,RBFOX1,MYH3,ITGB1BP2,FHL1"
"GO:BP","striated muscle tissue development","GO:0014706","false","0.00021779788277598292","3.661946346357915","239","52","8","21110","NEB,TTN,TNNC1,MEF2C,ANKRD1,NRAP,MYH6,TPM1"
"GO:BP","anatomical structure morphogenesis","GO:0009653","false","0.00023563344343740318","3.627763070126214","2712","52","22","21110","PRRX1,ACTA1,NEB,TTN,TNNC1,MEF2C,PRDM1,COL1A2,FLNC,CXCL12,MYOZ1,ACTA2,ANKRD1,NRAP,ZBTB16,FLI1,COL4A1,MYH6,MEIS2,TPM1,MYH3,FHL1"
"GO:BP","animal organ morphogenesis","GO:0009887","false","0.00039040974273794464","3.4084793529814417","1076","52","14","21110","PRRX1,ACTA1,TTN,TNNC1,MEF2C,PRDM1,COL1A2,ACTA2,ANKRD1,FLI1,MYH6,MEIS2,TPM1,FHL1"
"GO:BP","striated muscle contraction","GO:0006941","false","0.0004844632679535318","3.314739145609781","178","52","7","21110","TTN,TNNC1,TNNI2,MYH6,TPM1,ATP2A1,MYH3"
"GO:BP","cardiac muscle tissue morphogenesis","GO:0055008","false","0.0006242068570451405","3.204671464827191","59","52","5","21110","TTN,TNNC1,ANKRD1,MYH6,TPM1"
"GO:BP","muscle tissue morphogenesis","GO:0060415","false","0.0014785325473856414","2.8301691107764144","70","52","5","21110","TTN,TNNC1,ANKRD1,MYH6,TPM1"
"GO:BP","cardiac muscle contraction","GO:0060048","false","0.0018915386719583873","2.723184775256013","136","52","6","21110","TTN,TNNC1,TNNI2,MYH6,TPM1,ATP2A1"
"GO:BP","muscle organ morphogenesis","GO:0048644","false","0.0023825084740629965","2.62296554599614","77","52","5","21110","TTN,TNNC1,ANKRD1,MYH6,TPM1"
"GO:BP","actin cytoskeleton organization","GO:0030036","false","0.002438085211346163","2.6129511198124975","731","52","11","21110","ACTA1,NEB,TTN,FLNC,CXCL12,MYOZ1,ANKRD1,NRAP,MYH6,TPM1,MYH3"
"GO:BP","circulatory system development","GO:0072359","false","0.004304186478782491","2.366108921135387","1123","52","13","21110","PRRX1,NEB,TTN,TNNC1,MEF2C,PRDM1,COL1A2,ACTA2,ANKRD1,NRAP,COL4A1,MYH6,TPM1"
"GO:BP","cellular component morphogenesis","GO:0032989","false","0.005561863191881744","2.2547796979137082","796","52","11","21110","ACTA1,NEB,TTN,FLNC,CXCL12,MYOZ1,ANKRD1,NRAP,MYH6,TPM1,MYH3"
"GO:BP","tissue development","GO:0009888","false","0.00632456764032612","2.1989691583479747","2008","52","17","21110","PRRX1,ACTA1,NEB,TTN,TNNC1,MEF2C,PRDM1,COL1A2,MYOZ1,ACTA2,ANKRD1,NRAP,ZBTB16,COL4A1,MYH6,TPM1,RBFOX1"
"GO:BP","skeletal muscle contraction","GO:0003009","false","0.007649753737622771","2.116352545514748","44","52","4","21110","TNNC1,TNNI2,ATP2A1,MYH3"
"GO:BP","striated muscle adaptation","GO:0014888","true","0.00916231683335571","2.037994694376247","46","52","4","21110","ACTA1,TNNC1,MYOZ1,MYH6"
"GO:BP","skeletal muscle organ development","GO:0060538","false","0.010257584382393138","1.9889549016915908","182","52","6","21110","ACTA1,DES,MEF2C,MYOZ1,ANKRD1,RBFOX1"
"GO:BP","positive regulation of actin filament-based movement","GO:1903116","false","0.011021072687437782","1.957776133291586","2","52","2","21110","ACTA2,ATP2A1"
"GO:BP","cardiac muscle cell differentiation","GO:0055007","false","0.014510060190299741","1.8383307860280929","111","52","5","21110","NEB,TTN,MEF2C,NRAP,MYH6"
"GO:BP","regulation of heart contraction","GO:0008016","false","0.020824619148024935","1.6814229324625272","206","52","6","21110","DES,TRDN,CELF2,MYH6,TPM1,ATP2A1"
"GO:BP","musculoskeletal movement","GO:0050881","false","0.021739468426390886","1.6627510794911056","57","52","4","21110","TNNC1,TNNI2,ATP2A1,MYH3"
"GO:BP","cytoskeleton organization","GO:0007010","false","0.021882025783187656","1.6599124745810903","1513","52","14","21110","ACTA1,NEB,TTN,DES,TRDN,FLNC,CXCL12,MYOZ1,ANKRD1,NRAP,MYH6,TPM1,MYH3,CAPN6"
"GO:BP","multicellular organismal movement","GO:0050879","false","0.02330740168550311","1.6325061390296134","58","52","4","21110","TNNC1,TNNI2,ATP2A1,MYH3"
"GO:BP","heart development","GO:0007507","false","0.02408587487055605","1.6182375741967838","594","52","9","21110","NEB,TTN,TNNC1,MEF2C,PRDM1,ANKRD1,NRAP,MYH6,TPM1"
"GO:BP","cardiac myofibril assembly","GO:0055003","false","0.02460189557174232","1.6090314292937014","19","52","3","21110","NEB,TTN,NRAP"
"GO:BP","cardiac ventricle development","GO:0003231","true","0.026890899170276088","1.5703946757179281","126","52","5","21110","TNNC1,MEF2C,PRDM1,MYH6,TPM1"
"GO:BP","cardiac muscle thin filament assembly","GO:0071691","false","0.03301100528664803","1.4813412498655036","3","52","2","21110","NEB,NRAP"
"GO:BP","anatomical structure formation involved in morphogenesis","GO:0048646","false","0.03984747839625323","1.3995991561560082","1174","52","12","21110","ACTA1,NEB,TTN,MEF2C,FLNC,MYOZ1,ANKRD1,NRAP,COL4A1,MYH6,TPM1,MYH3"
"GO:BP","tissue morphogenesis","GO:0048729","false","0.04136300008192926","1.3833879691458533","636","52","9","21110","ACTA1,TTN,TNNC1,MEF2C,ACTA2,ANKRD1,COL4A1,MYH6,TPM1"
"GO:BP","cardiac ventricle morphogenesis","GO:0003208","false","0.049283554473918856","1.3072979771273154","70","52","4","21110","TNNC1,MEF2C,MYH6,TPM1"
"GO:CC","contractile fiber","GO:0043292","true","3.6050773551176966e-23","22.443085412070673","247","55","20","22122","ACTA1,NEB,TTN,MYL1,DES,TNNC1,FLNC,MYOZ1,ACTA2,ANKRD1,NRAP,TNNI2,MYH6,TPM1,ATP2A1,MYH13,MYH1,MYH2,MYH3,ITGB1BP2"
"GO:CC","myofibril","GO:0030016","false","9.36375502960317e-22","21.028549956645982","238","55","19","22122","ACTA1,NEB,TTN,MYL1,DES,TNNC1,FLNC,MYOZ1,ANKRD1,NRAP,TNNI2,MYH6,TPM1,ATP2A1,MYH13,MYH1,MYH2,MYH3,ITGB1BP2"
"GO:CC","sarcomere","GO:0030017","false","8.783578518343658e-21","20.05632851209586","217","55","18","22122","ACTA1,NEB,TTN,MYL1,DES,TNNC1,FLNC,MYOZ1,ANKRD1,NRAP,TNNI2,MYH6,TPM1,ATP2A1,MYH1,MYH2,MYH3,ITGB1BP2"
"GO:CC","supramolecular polymer","GO:0099081","false","3.4834455094017277e-14","13.457990978627686","1057","55","23","22122","ACTA1,NEB,TTN,MYL1,DES,TNNC1,COL1A2,FLNC,MYOZ1,ACTA2,ANKRD1,NRAP,TNNI2,COL4A1,MYH6,TPM1,ATP2A1,MYH13,MYH1,MYH2,MYH3,ITGB1BP2,CAPN6"
"GO:CC","supramolecular fiber","GO:0099512","false","4.1573375035727814e-13","12.38118471689638","1048","55","22","22122","ACTA1,NEB,TTN,MYL1,DES,TNNC1,COL1A2,FLNC,MYOZ1,ACTA2,ANKRD1,NRAP,TNNI2,MYH6,TPM1,ATP2A1,MYH13,MYH1,MYH2,MYH3,ITGB1BP2,CAPN6"
"GO:CC","supramolecular complex","GO:0099080","false","1.506792259021851e-12","11.821946619602782","1411","55","24","22122","ACTA1,NEB,TTN,MYL1,DES,TNNC1,COL1A2,FLNC,MYOZ1,ACTA2,ANKRD1,NRAP,TNNI2,COL4A1,MYH6,TPM1,RBFOX1,ATP2A1,MYH13,MYH1,MYH2,MYH3,ITGB1BP2,CAPN6"
"GO:CC","muscle myosin complex","GO:0005859","false","2.128143938990208e-10","9.671999001473274","15","55","6","22122","MYL1,MYH6,MYH13,MYH1,MYH2,MYH3"
"GO:CC","I band","GO:0031674","false","6.323420716949897e-10","9.19904792225584","146","55","10","22122","NEB,TTN,DES,FLNC,MYOZ1,ANKRD1,NRAP,MYH6,ATP2A1,ITGB1BP2"
"GO:CC","actin cytoskeleton","GO:0015629","false","4.462797828219897e-9","8.350392786938823","510","55","14","22122","ACTA1,NEB,TTN,MYL1,TNNC1,MYOZ1,ACTA2,TNNI2,MYH6,TPM1,MYH13,MYH1,MYH2,MYH3"
"GO:CC","myosin II complex","GO:0016460","false","1.230259748836687e-8","7.910003184839541","27","55","6","22122","MYL1,MYH6,MYH13,MYH1,MYH2,MYH3"
"GO:CC","Z disc","GO:0030018","false","3.0288919393201763e-7","6.518716220557571","132","55","8","22122","NEB,TTN,DES,FLNC,MYOZ1,NRAP,MYH6,ITGB1BP2"
"GO:CC","striated muscle thin filament","GO:0005865","false","4.87954626352026e-7","6.311620560048711","22","55","5","22122","ACTA1,TTN,TNNC1,TNNI2,TPM1"
"GO:CC","myosin filament","GO:0032982","false","7.846120221271615e-7","6.105345041728422","24","55","5","22122","MYH6,MYH13,MYH1,MYH2,MYH3"
"GO:CC","myofilament","GO:0036379","false","0.0000012097109801997525","5.917318377367494","26","55","5","22122","ACTA1,TTN,TNNC1,TNNI2,TPM1"
"GO:CC","myosin complex","GO:0016459","false","0.0000014245922458451775","5.846309423880132","57","55","6","22122","MYL1,MYH6,MYH13,MYH1,MYH2,MYH3"
"GO:CC","stress fiber","GO:0001725","false","0.007125388774585342","2.147191434750912","71","55","4","22122","ACTA1,ACTA2,MYH6,TPM1"
"GO:CC","contractile actin filament bundle","GO:0097517","false","0.007125388774585342","2.147191434750912","71","55","4","22122","ACTA1,ACTA2,MYH6,TPM1"
"GO:CC","intracellular non-membrane-bounded organelle","GO:0043232","false","0.008126478269009146","2.090097621650361","6568","55","31","22122","PRRX1,ACTA1,NEB,TTN,MYL1,DES,TNNC1,MEF2C,EBF1,FLNC,MYOZ1,ACTA2,ANKRD1,NRAP,TNNI2,FLI1,H3-5,MYH6,MEIS2,TPM1,RBFOX1,ATP2A1,MYH13,MYH1,MYH2,MYH3,TCF4,RNA5-8SN2,RNA5-8SN3,ITGB1BP2,CAPN6"
"GO:CC","non-membrane-bounded organelle","GO:0043228","false","0.008153163483162813","2.088673849332579","6569","55","31","22122","PRRX1,ACTA1,NEB,TTN,MYL1,DES,TNNC1,MEF2C,EBF1,FLNC,MYOZ1,ACTA2,ANKRD1,NRAP,TNNI2,FLI1,H3-5,MYH6,MEIS2,TPM1,RBFOX1,ATP2A1,MYH13,MYH1,MYH2,MYH3,TCF4,RNA5-8SN2,RNA5-8SN3,ITGB1BP2,CAPN6"
"GO:CC","actin filament bundle","GO:0032432","false","0.010857348436377597","1.9642762244759149","79","55","4","22122","ACTA1,ACTA2,MYH6,TPM1"
"GO:CC","actomyosin","GO:0042641","false","0.010857348436377597","1.9642762244759149","79","55","4","22122","ACTA1,ACTA2,MYH6,TPM1"
"GO:CC","cytoplasm","GO:0005737","false","0.011300209764319313","1.9469134946899573","12365","55","45","22122","AZIN2,S100A7A,PRRX1,ACTA1,NEB,TTN,MYL1,DES,RBMS3,TNNC1,MEF2C,APOBEC2,PRDM1,TRDN,AEBP1,COL1A2,FLNC,PKIA,CELF2,CXCL12,MYOZ1,ACTA2,ANKRD1,NRAP,PTPRE,TNNI2,PYGM,ZBTB16,FLI1,CSNK1A1L,COL4A1,MYH6,RN7SL1,MEIS2,TPM1,RBFOX1,ATP2A1,MYH13,MYH1,MYH2,MYH3,CKM,ITGB1BP2,CAPN6,FHL1"
"GO:CC","cytoskeleton","GO:0005856","false","0.011663514818026513","1.9331705545470512","2412","55","17","22122","ACTA1,NEB,TTN,MYL1,DES,TNNC1,FLNC,MYOZ1,ACTA2,TNNI2,MYH6,TPM1,MYH13,MYH1,MYH2,MYH3,CAPN6"
"GO:CC","A band","GO:0031672","false","0.030273888174334462","1.5189317976025127","39","55","3","22122","TTN,ATP2A1,MYH1"
"KEGG","Hypertrophic cardiomyopathy","KEGG:05410","false","0.00002297536520064129","4.6387375766398815","90","27","6","8161","TTN,DES,TNNC1,MYH6,TPM1,ATP2A1"
"KEGG","Dilated cardiomyopathy","KEGG:05414","false","0.00003171711096383253","4.498706378403844","95","27","6","8161","TTN,DES,TNNC1,MYH6,TPM1,ATP2A1"
"KEGG","Cardiac muscle contraction","KEGG:04260","false","0.0005061217506655342","3.295744998413322","87","27","5","8161","TNNC1,TRDN,MYH6,TPM1,ATP2A1"
"KEGG","Transcriptional misregulation in cancer","KEGG:05202","false","0.022286041208015257","1.6519670707843495","192","27","5","8161","MEF2C,RUNX1T1,ZBTB16,FLI1,H3-5"
"REAC","Striated Muscle Contraction","REAC:R-HSA-390522","false","8.93207425664847e-16","15.049047675085752","36","32","10","10790","ACTA1,NEB,TTN,MYL1,DES,TNNC1,TNNI2,MYH6,TPM1,MYH3"
"REAC","Muscle contraction","REAC:R-HSA-397014","false","2.1442782434914263e-12","11.66871886087643","203","32","13","10790","ACTA1,NEB,TTN,MYL1,DES,TNNC1,TRDN,ACTA2,TNNI2,MYH6,TPM1,ATP2A1,MYH3"
"REAC","MECP2 regulates transcription factors","REAC:R-HSA-9022707","false","0.017093554072326947","1.767167629875757","4","32","2","10790","MEF2C,RBFOX1"
"WP","Striated muscle contraction pathway","WP:WP383","false","1.0702182639649067e-16","15.970527641783093","38","33","11","8133","ACTA1,NEB,TTN,MYL1,DES,TNNC1,ACTA2,TNNI2,MYH6,TPM1,MYH3"
"TF","Factor: ZNF547; motif: TGCTAATKCWGCARGCANRC; match class: 1","TF:M10155_1","false","0.010430217309606674","1.9817066431190216","13","51","3","20011","POTEJ,POTEM,POTEG"
"TF","Factor: NRL; motif: NNNNTGCTGAC","TF:M04224","false","0.011690467143807079","1.932168134353628","4696","51","27","20011","AZIN2,ACTA1,POTEJ,TTN,MYL1,DES,MEF2C,APOBEC2,AEBP1,COL1A2,RUNX1T1,CXCL12,NRAP,PTPRE,PYGM,H3-5,CSNK1A1L,POTEM,POTEG,RBFOX1,ATP2A1,MYH1,MYH2,CKM,ITGB1BP2,CAPN6,FHL1"
"MIRNA","hsa-miR-223-3p","MIRNA:hsa-miR-223-3p","false","0.049366149133265425","1.3065707491304968","99","37","4","14850","MEF2C,PRDM1,POTEM,POTEG"
"HPA","skeletal muscle; myocytes[High]","HPA:0440343","false","9.35465852429018e-10","9.028972061047261","873","37","19","11006","ACTA1,NEB,MYL1,DES,TNNC1,MEF2C,TRDN,FLNC,MYOZ1,NRAP,TNNI2,PYGM,H3-5,MEIS2,TPM1,MYH1,MYH2,CKM,FHL1"
"HPA","skeletal muscle; myocytes[â‰¥Medium]","HPA:0440342","false","0.0018310201913913499","2.7373068665330957","3784","37","26","11006","ACTA1,NEB,TTN,MYL1,DES,TNNC1,MEF2C,APOBEC2,PRDM1,TRDN,FLNC,MYOZ1,NRAP,TNNI2,PYGM,H3-5,MYH6,MEIS2,TPM1,ATP2A1,MYH1,MYH2,MYH3,TCF4,CKM,FHL1"
"CORUM","ETS1-PRX1 complex","CORUM:7283","false","0.04981948739068925","1.302600745377199","1","6","1","3383","PRRX1"
"HP","Supraventricular arrhythmia","HP:0005115","false","0.000009787920682842513","5.009309558644256","112","28","9","4851","TTN,DES,TNNC1,TRDN,FLNC,COL4A1,MYH6,TPM1,FHL1"
"HP","Elevated circulating creatine kinase concentration","HP:0003236","false","0.00006377289461052758","4.195363870219125","308","28","12","4851","ACTA1,NEB,TTN,DES,TNNC1,FLNC,ANKRD1,PYGM,COL4A1,MYH6,TPM1,FHL1"
"HP","Abnormal circulating creatine kinase concentration","HP:0040081","false","0.00007370720325703954","4.13249006733883","312","28","12","4851","ACTA1,NEB,TTN,DES,TNNC1,FLNC,ANKRD1,PYGM,COL4A1,MYH6,TPM1,FHL1"
"HP","Abnormality of circulating enzyme level","HP:0011021","false","0.00008501424611949139","4.070508292019052","316","28","12","4851","ACTA1,NEB,TTN,DES,TNNC1,FLNC,ANKRD1,PYGM,COL4A1,MYH6,TPM1,FHL1"
"HP","Dilated cardiomyopathy","HP:0001644","false","0.0002943634310921382","3.531116143591831","165","28","9","4851","ACTA1,TTN,DES,TNNC1,TRDN,ANKRD1,MYH6,TPM1,FHL1"
"HP","Myofibrillar myopathy","HP:0003715","false","0.0004320667993101562","3.364449104275127","11","28","4","4851","ACTA1,TTN,FLNC,FHL1"
"HP","Sudden death","HP:0001699","false","0.0004747015434029446","3.323579356252374","125","28","8","4851","TTN,DES,TNNC1,TRDN,FLNC,MYH6,TPM1,FHL1"
"HP","Proximal muscle weakness","HP:0003701","false","0.0004998758755241703","3.301137822198291","233","28","10","4851","ACTA1,NEB,TTN,MYL1,DES,TRDN,FLNC,PYGM,MYH2,FHL1"
"HP","Myopathy","HP:0003198","false","0.0008185178220732861","3.086971859998137","313","28","11","4851","ACTA1,NEB,TTN,DES,TNNC1,FLNC,ANKRD1,MYH6,TPM1,MYH2,FHL1"
"HP","EMG abnormality","HP:0003457","false","0.001389097697139779","2.8572672086636715","260","28","10","4851","ACTA1,NEB,TTN,MYL1,DES,TNNC1,ANKRD1,MYH6,TPM1,FHL1"
"HP","Axial muscle weakness","HP:0003327","false","0.0014157081866587617","2.849026256522226","33","28","5","4851","ACTA1,NEB,TTN,MYL1,DES"
"HP","Muscle fiber inclusion bodies","HP:0100299","false","0.0019211142635755804","2.7164468035065705","35","28","5","4851","ACTA1,NEB,FLNC,MYH2,FHL1"
"HP","Cardiac conduction abnormality","HP:0031546","false","0.002247064260230628","2.6483845077034713","153","28","8","4851","ACTA1,TTN,DES,TNNC1,TRDN,FLNC,MYH6,FHL1"
"HP","Abnormal circulating protein concentration","HP:0010876","false","0.0031624125892996484","2.4999814697716864","624","28","14","4851","ACTA1,NEB,TTN,DES,TNNC1,FLNC,ANKRD1,PYGM,FLI1,COL4A1,MYH6,TPM1,TCF4,FHL1"
"HP","Lipoatrophy","HP:0100578","false","0.003818054267929129","2.418157903052182","72","28","6","4851","TTN,DES,TNNC1,ANKRD1,MYH6,TPM1"
"HP","Atrial fibrillation","HP:0005110","false","0.0041436753261098035","2.382614280676653","73","28","6","4851","TTN,TNNC1,TRDN,FLNC,MYH6,TPM1"
"HP","Lipodystrophy","HP:0009125","false","0.0041639081993436","2.3804988538392133","115","28","7","4851","TTN,DES,TNNC1,ANKRD1,MYH6,TPM1,FHL1"
"HP","Muscle fiber splitting","HP:0003555","false","0.004916205320065758","2.3083699875615142","19","28","4","4851","ACTA1,NEB,TTN,FLNC"
"HP","Atrial arrhythmia","HP:0001692","false","0.006608532191038267","2.179894990154301","79","28","6","4851","TTN,TNNC1,TRDN,FLNC,MYH6,TPM1"
"HP","Heart block","HP:0012722","false","0.00769110477192692","2.1140112724364983","126","28","7","4851","TTN,DES,TNNC1,TRDN,FLNC,MYH6,FHL1"
"HP","Neck muscle weakness","HP:0000467","false","0.011634428513246305","1.9342549445336057","87","28","6","4851","ACTA1,NEB,TTN,MYL1,DES,MYH2"
"HP","Atrioventricular block","HP:0001678","false","0.012436754526493272","1.9052929375815595","88","28","6","4851","TTN,DES,TRDN,FLNC,MYH6,FHL1"
"HP","Respiratory insufficiency due to muscle weakness","HP:0002747","false","0.015117615129741255","1.8205167152954662","91","28","6","4851","ACTA1,NEB,TTN,MYL1,DES,FHL1"
"HP","Increased variability in muscle fiber diameter","HP:0003557","false","0.016108875294378336","1.7929347805302869","92","28","6","4851","ACTA1,NEB,TTN,MYL1,MYH2,FHL1"
"HP","Abnormal atrioventricular conduction","HP:0005150","false","0.01715225865944709","1.7656786826914082","93","28","6","4851","TTN,DES,TRDN,FLNC,MYH6,FHL1"
"HP","Cardiomyopathy","HP:0001638","false","0.018645552382294775","1.7294247459562557","520","28","12","4851","ACTA1,NEB,TTN,DES,TNNC1,TRDN,FLNC,ANKRD1,PYGM,MYH6,TPM1,FHL1"
"HP","Spinal rigidity","HP:0003306","false","0.019014359253827936","1.720918304867986","55","28","5","4851","ACTA1,NEB,TTN,DES,FHL1"
"HP","Exertional dyspnea","HP:0002875","false","0.020616032379618947","1.6857949123520493","96","28","6","4851","NEB,TNNC1,ACTA2,PYGM,ZBTB16,MYH6"
"HP","Abnormality of the upper limb","HP:0002817","false","0.021358268326280187","1.6704339617009507","1677","28","21","4851","ACTA1,NEB,TTN,MYL1,DES,TNNC1,MEF2C,AEBP1,COL1A2,FLNC,ACTA2,ANKRD1,TNNI2,FLI1,MYH6,MEIS2,TPM1,MYH2,MYH3,TCF4,FHL1"
"HP","Abnormality of skeletal muscle fiber size","HP:0012084","false","0.021889064750398802","1.6597727940473324","97","28","6","4851","ACTA1,NEB,TTN,MYL1,MYH2,FHL1"
"HP","Muscle weakness","HP:0001324","false","0.025755822296762414","1.5891245800002325","977","28","16","4851","ACTA1,NEB,TTN,MYL1,DES,TRDN,COL1A2,FLNC,CELF2,PYGM,ZBTB16,FLI1,COL4A1,MYH2,MYH3,FHL1"
"HP","Type 1 muscle fiber predominance","HP:0003803","false","0.026932442251099004","1.5697242627012347","59","28","5","4851","ACTA1,NEB,TTN,MYL1,MYH2"
"HP","Foot dorsiflexor weakness","HP:0009027","false","0.029246446003037906","1.533926901378267","102","28","6","4851","ACTA1,NEB,TTN,DES,FLNC,FHL1"
"HP","Abnormal myocardium morphology","HP:0001637","false","0.032060880219178446","1.4940245584296463","548","28","12","4851","ACTA1,NEB,TTN,DES,TNNC1,TRDN,FLNC,ANKRD1,PYGM,MYH6,TPM1,FHL1"
"HP","Muscle fiber cytoplasmatic inclusion bodies","HP:0100303","false","0.03327463853303769","1.477886653628187","30","28","4","4851","ACTA1,NEB,FLNC,FHL1"
"HP","Weakness of muscles of respiration","HP:0004347","false","0.034543951854312076","1.4616279803080485","105","28","6","4851","ACTA1,NEB,TTN,MYL1,DES,FHL1"
"HP","Constitutional symptom","HP:0025142","false","0.03582394876232827","1.4458265449199694","1131","28","17","4851","ACTA1,NEB,TTN,DES,TNNC1,TRDN,COL1A2,FLNC,ACTA2,PYGM,ZBTB16,FLI1,MYH6,TPM1,MYH3,TCF4,FHL1"
"HP","Abnormal adipose tissue morphology","HP:0009124","false","0.03852450310971826","1.4142629541176324","224","28","8","4851","TTN,DES,TNNC1,COL1A2,ANKRD1,MYH6,TPM1,FHL1"
"HP","Abnormality of the lower limb","HP:0002814","false","0.042568947024936014","1.3709070922921065","1744","28","21","4851","ACTA1,NEB,TTN,MYL1,DES,TNNC1,MEF2C,AEBP1,COL1A2,FLNC,ACTA2,ANKRD1,TNNI2,FLI1,COL4A1,MYH6,MEIS2,TPM1,MYH3,TCF4,FHL1"
"HP","Sudden cardiac death","HP:0001645","false","0.042787186441252595","1.368686270496958","109","28","6","4851","DES,TNNC1,TRDN,FLNC,TPM1,FHL1"
"HP","Abnormality of the calf musculature","HP:0001430","false","0.04338745039449854","1.3626358698554293","65","28","5","4851","NEB,TTN,DES,FLNC,FHL1"
"HP","Abnormal heart morphology","HP:0001627","false","0.045457208397152296","1.3423972385393086","1434","28","19","4851","PRRX1,ACTA1,NEB,TTN,DES,TNNC1,TRDN,AEBP1,COL1A2,FLNC,ACTA2,ANKRD1,PYGM,FLI1,MYH6,MEIS2,TPM1,MYH3,FHL1"
"HP","Abnormal left ventricular function","HP:0005162","false","0.04746638104025771","1.3236138787547767","111","28","6","4851","TTN,DES,FLNC,ACTA2,MYH6,TPM1"
"HP","Mitochondrial depletion","HP:0030059","false","0.048686084299954975","1.3125951532689892","2","28","2","4851","NEB,TTN"
